{"inputUnits":[34],"outputUnits":4,"inputs":{"0":{"dtype":"number","min":679.3673175764673,"max":1005.8072540752294},"1":{"dtype":"number","min":365.6641653456263,"max":426.54447692117566},"2":{"dtype":"number","min":693.9862951089067,"max":1031.3054015969517},"3":{"dtype":"number","min":349.41076754222365,"max":395.71312156910244},"4":{"dtype":"number","min":659.98922133864,"max":984.6537162949311},"5":{"dtype":"number","min":345.15722117507664,"max":410.4534916025698},"6":{"dtype":"number","min":732.4820702015539,"max":1055.4903823190725},"7":{"dtype":"number","min":360.09654533158186,"max":395.68398934823495},"8":{"dtype":"number","min":636.4963667970574,"max":963.4150026890268},"9":{"dtype":"number","min":368.6670073620137,"max":431.9749233030204},"10":{"dtype":"number","min":779.8611897449355,"max":1096.7940243875305},"11":{"dtype":"number","min":432.8468045116322,"max":495.02663157650824},"12":{"dtype":"number","min":613.5548294617649,"max":978.9897915280585},"13":{"dtype":"number","min":432.1115923702446,"max":559.4972932033527},"14":{"dtype":"number","min":903.994698913009,"max":1206.0593831048063},"15":{"dtype":"number","min":279.70533796066275,"max":679.1885990715398},"16":{"dtype":"number","min":432.27803165468015,"max":929.9417018258314},"17":{"dtype":"number","min":279.51074554116167,"max":759.3082850953833},"18":{"dtype":"number","min":765.2366946928681,"max":1401.5726045257786},"19":{"dtype":"number","min":152.00482923075157,"max":796.2159803661918},"20":{"dtype":"number","min":398.0562435544257,"max":920.4152765007589},"21":{"dtype":"number","min":140.56126200556366,"max":875.3881181081136},"22":{"dtype":"number","min":819.4296593718748,"max":1128.3443874807772},"23":{"dtype":"number","min":752.8230036586192,"max":790.1070045486063},"24":{"dtype":"number","min":682.2056996876577,"max":1010.9874342409646},"25":{"dtype":"number","min":756.6288091400522,"max":819.0078960713663},"26":{"dtype":"number","min":855.9656493129321,"max":1127.9183613352377},"27":{"dtype":"number","min":1097.9320048579464,"max":1174.703285480026},"28":{"dtype":"number","min":686.7548239288428,"max":1024.7184887564435},"29":{"dtype":"number","min":1076.5501140919189,"max":1163.3585935497222},"30":{"dtype":"number","min":844.615270201923,"max":1113.6046872551055},"31":{"dtype":"number","min":1280.5137861895048,"max":1448.5212585692127},"32":{"dtype":"number","min":709.0979951411737,"max":1049.9348541914137},"33":{"dtype":"number","min":1232.6906485839504,"max":1414.6420479960996}},"outputs":{"0":{"dtype":"string","min":0,"max":1,"uniqueValues":["y","m","c","a"],"legend":{"y":[1,0,0,0],"m":[0,1,0,0],"c":[0,0,1,0],"a":[0,0,0,1]}}},"isNormalized":true}