{"inputUnits":[34],"outputUnits":4,"inputs":{"0":{"dtype":"number","min":641.3100595207784,"max":1344.00208193238},"1":{"dtype":"number","min":342.13841262678574,"max":468.3123220328466},"2":{"dtype":"number","min":684.1998335291148,"max":1379.8359247465423},"3":{"dtype":"number","min":298.53426822305426,"max":425.535139010741},"4":{"dtype":"number","min":613.9755718635226,"max":1302.703068015016},"5":{"dtype":"number","min":297.9658097979153,"max":455.65911994126026},"6":{"dtype":"number","min":766.0510831706472,"max":1422.9678374892167},"7":{"dtype":"number","min":306.08558419310015,"max":417.4224994689167},"8":{"dtype":"number","min":586.0191012550438,"max":1236.9322608714756},"9":{"dtype":"number","min":322.6914650444244,"max":489.3362625331519},"10":{"dtype":"number","min":849.5287409181949,"max":1477.4215596219483},"11":{"dtype":"number","min":431.41335999462177,"max":622.9758804509048},"12":{"dtype":"number","min":589.1460721546989,"max":1222.9880103457663},"13":{"dtype":"number","min":470.94840752079233,"max":679.7706525094948},"14":{"dtype":"number","min":964.1893109054514,"max":1702.830364635348},"15":{"dtype":"number","min":251.96770832738443,"max":877.817135499467},"16":{"dtype":"number","min":349.6840347775861,"max":1170.414926801586},"17":{"dtype":"number","min":257.937924854162,"max":977.1660396880804},"18":{"dtype":"number","min":794.0396793705057,"max":1970.3799153130265},"19":{"dtype":"number","min":66.46297605042335,"max":1019.5248484100283},"20":{"dtype":"number","min":161.05273287787384,"max":1174.8525824518929},"21":{"dtype":"number","min":0.022726523713531677,"max":1116.3386018466763},"22":{"dtype":"number","min":867.0557360261812,"max":1505.004597068375},"23":{"dtype":"number","min":952.747492531819,"max":1138.8550524132215},"24":{"dtype":"number","min":584.2643511067589,"max":1411.798180487808},"25":{"dtype":"number","min":1013.224032217996,"max":1140.295287724669},"26":{"dtype":"number","min":907.7466466728939,"max":1498.0251850669765},"27":{"dtype":"number","min":1316.8060793411892,"max":1690.9886944534096},"28":{"dtype":"number","min":637.6912468952975,"max":1469.688839302038},"29":{"dtype":"number","min":1380.1576583486167,"max":1644.4892382754995},"30":{"dtype":"number","min":870.4573134619977,"max":1502.7906361320252},"31":{"dtype":"number","min":1629.0232125964544,"max":1769.3293641947398},"32":{"dtype":"number","min":630.6295946925549,"max":1497.1766363005113},"33":{"dtype":"number","min":1640.9584360819808,"max":1764.011520781712}},"outputs":{"0":{"dtype":"string","min":0,"max":1,"uniqueValues":["y","m","c","a"],"legend":{"y":[1,0,0,0],"m":[0,1,0,0],"c":[0,0,1,0],"a":[0,0,0,1]}}},"isNormalized":true}