{"inputUnits":[34],"outputUnits":3,"inputs":{"0":{"dtype":"number","min":912.8443665234897,"max":968.533939844916},"1":{"dtype":"number","min":373.4646886164992,"max":398.6246647181024},"2":{"dtype":"number","min":947.5455657981912,"max":989.2445594881784},"3":{"dtype":"number","min":351.4424019510518,"max":376.73202871827044},"4":{"dtype":"number","min":901.0720897969522,"max":947.6987907379923},"5":{"dtype":"number","min":353.04303161163773,"max":374.58218958100525},"6":{"dtype":"number","min":978.4904330267854,"max":1017.0528115798622},"7":{"dtype":"number","min":374.18251403203794,"max":395.1530279366516},"8":{"dtype":"number","min":883.6482722367305,"max":919.5462636247403},"9":{"dtype":"number","min":371.93126705484474,"max":397.6346216381487},"10":{"dtype":"number","min":999.8657785865528,"max":1058.6826023277793},"11":{"dtype":"number","min":469.485751775428,"max":513.8235502583861},"12":{"dtype":"number","min":849.1798106262326,"max":876.6053037922285},"13":{"dtype":"number","min":463.65384619417233,"max":513.0590327004475},"14":{"dtype":"number","min":1061.2083697650553,"max":1244.6606861727046},"15":{"dtype":"number","min":354.454212587789,"max":686.656088250887},"16":{"dtype":"number","min":651.5935482151559,"max":828.1542894191133},"17":{"dtype":"number","min":338.9260831960537,"max":698.4183797160861},"18":{"dtype":"number","min":1039.9858702795314,"max":1431.687628716908},"19":{"dtype":"number","min":161.66350890042492,"max":857.3196949329833},"20":{"dtype":"number","min":467.8439914537297,"max":838.1281092385334},"21":{"dtype":"number","min":167.8410675576788,"max":862.5830923108948},"22":{"dtype":"number","min":986.9155494164459,"max":1029.949417245628},"23":{"dtype":"number","min":775.135152298727,"max":795.6601901162826},"24":{"dtype":"number","min":853.7683810679614,"max":894.793519175618},"25":{"dtype":"number","min":772.0460471236294,"max":798.9585128050489},"26":{"dtype":"number","min":961.5582079971043,"max":1003.8105501871438},"27":{"dtype":"number","min":1134.6469271475808,"max":1180.1157778317931},"28":{"dtype":"number","min":862.598711733852,"max":897.8027314352788},"29":{"dtype":"number","min":1109.5723594928268,"max":1174.8768169509658},"30":{"dtype":"number","min":936.8822051414504,"max":990.1047941707341},"31":{"dtype":"number","min":1329.965200921171,"max":1451.516075263169},"32":{"dtype":"number","min":881.6075432872215,"max":936.1399582509019},"33":{"dtype":"number","min":1338.5968619997893,"max":1454.8951866690256}},"outputs":{"0":{"dtype":"number","min":0,"max":255},"1":{"dtype":"number","min":0,"max":255},"2":{"dtype":"number","min":0,"max":255}},"isNormalized":true}